node_name,ICES_rect,abundance,biomass,bodymass,year
Gasterosteus,42G6,0.06661053020344766,0.1175529673700636,1.76478053861789,2007
Gasterosteus,42G7,2.455296064483099,4.420519699549693,1.80040189999666,2007
Gasterosteus,43G7,0.5302884478968559,1.0149624510379764,1.91398182453975,2007
Gasterosteus,44G7,1.3146268378432953,2.4641806698791995,1.87443356467741,2007
Gasterosteus,44G8,1.7455979075606305,3.259620517849972,1.86733754877439,2007
Gasterosteus,45G7,0.6820990461448146,1.3221941667665353,1.93841960964394,2007
Gasterosteus,45G8,0.021887051524203067,0.04122178157913811,1.88338669251792,2007
Gasterosteus,46G8,0.07403966637567604,0.13544362242757535,1.82933863775583,2007
Gasterosteus,42G6,0.1849858448888074,0.21676561540276126,1.17179568811363,2008
Gasterosteus,42G7,0.7484271276103353,0.7839090058964918,1.04740859460753,2008
Gasterosteus,43G7,0.047914957617573625,0.0866275354361917,1.80794348452934,2008
Gasterosteus,44G7,1.0451605909501582,1.9545774839391103,1.8701216835608,2008
Gasterosteus,44G8,0.07196998579422714,0.14494234758933944,2.01392769485534,2008
Gasterosteus,45G7,0.7743705570638667,1.4459209068181247,1.86722092366287,2008
Gasterosteus,45G8,0.4449322944673928,0.8082237188247676,1.81650945295453,2008
Gasterosteus,46G8,0.9025978679272219,1.734421439151345,1.92158822968901,2008
Gasterosteus,42G7,7.921191405065298e-4,0.0012817794495512873,1.61816497545008,2009
Gasterosteus,43G7,1.3093791525663613e-4,1.4108984608349637e-4,1.07753240004595,2009
Gasterosteus,44G7,0.06582937701374092,0.12042445695800186,1.82934219372705,2009
Gasterosteus,44G8,0.009219352108277542,0.014935885705827975,1.62005806160911,2009
Gasterosteus,45G7,0.028597270102415022,0.05586102395221485,1.95336910663712,2009
Gasterosteus,45G8,0.33489290778935266,0.5535438528282807,1.65289810549365,2009
Gasterosteus,46G8,0.06811800914276916,0.11172970932887942,1.64023744579358,2009
Gasterosteus,42G6,3.981608767807728e-4,6.680542271066197e-4,1.67785,2010
Gasterosteus,42G7,0.010479480799289786,0.01932201863763334,1.84379541388566,2010
Gasterosteus,43G7,0.4112110022169486,0.6815866732017213,1.65751079014692,2010
Gasterosteus,44G7,0.3357743611374214,0.4647282177275152,1.38404914584088,2010
Gasterosteus,44G8,0.570071741429936,0.9894240120338589,1.73561315204301,2010
Gasterosteus,45G7,0.6626397112716178,1.011066204013133,1.52581589484409,2010
Gasterosteus,45G8,0.5390594084994675,0.9210743357901982,1.70866943655452,2010
Gasterosteus,46G8,0.04169748199354222,0.07733457047497527,1.85465804594513,2010
Gasterosteus,42G6,16.102982987411128,20.940318781958048,1.3003999816884,2011
Gasterosteus,42G7,1.2033763924062302,1.9877197135850229,1.65178553121725,2011
Gasterosteus,43G7,2.3277964066259633,3.670885685337971,1.57697884354876,2011
Gasterosteus,44G7,2.151746665551639,3.505332106177667,1.62906357067783,2011
Gasterosteus,44G8,5.6899688019348655,10.295776244581413,1.80946093080165,2011
Gasterosteus,45G7,1.7223099855681225,2.5295136226386727,1.46867500266178,2011
Gasterosteus,45G8,1.896471238426507,2.7507709636863225,1.45046806297396,2011
Gasterosteus,46G8,0.3275897959484167,0.5258996354557427,1.60536024613707,2011
Gasterosteus,42G6,2.7053858067458747,4.209824134267603,1.55609012354926,2012
Gasterosteus,42G7,2.7603573994538784,5.0357374502633405,1.82430632035534,2012
Gasterosteus,43G7,2.828501365427265,4.727832406058151,1.67149730378298,2012
Gasterosteus,44G7,2.6637236797139305,4.64642383904962,1.74433402174381,2012
Gasterosteus,44G8,0.4028425600409209,0.7245234571418929,1.79852758623194,2012
Gasterosteus,45G7,3.090568197034687,5.751574009865973,1.86100860527344,2012
Gasterosteus,45G8,1.9240789315526197,3.3930555669730462,1.7634700486196,2012
Gasterosteus,46G8,0.5611263788612576,0.9905171043923553,1.76522997618201,2012
Gasterosteus,42G6,9.357086645891437e-4,0.0010716905262705611,1.145325,2013
Gasterosteus,42G7,0.13978924133627205,0.18278378705674567,1.30756691508932,2013
Gasterosteus,43G7,0.9321084818537747,1.4634744887601765,1.57006884633173,2013
Gasterosteus,44G7,1.6236999740453228,2.855948709720226,1.75891405762904,2013
Gasterosteus,44G8,0.539706759980196,0.7651055371795956,1.41763193258441,2013
Gasterosteus,45G7,0.9979137764736068,1.2405065375876148,1.24309992189032,2013
Gasterosteus,45G8,1.140734908650811,1.681218842540934,1.47380327347865,2013
Gasterosteus,46G8,0.7278253189960558,1.297578627040659,1.78281600429964,2013
Gasterosteus,42G6,0.29661184212329345,0.6274177671768862,2.11528225807008,2014
Gasterosteus,42G7,0.31827726096507675,0.5679197958445822,1.78435554623834,2014
Gasterosteus,43G7,0.6131381527115869,1.0914563209069494,1.7801148339571,2014
Gasterosteus,44G7,0.47012766369462394,0.9160510430829583,1.94851550722186,2014
Gasterosteus,44G8,2.6806479203404816,3.724735915750686,1.38949090907753,2014
Gasterosteus,45G7,0.614450023193186,0.9462616956599962,1.54001409381099,2014
Gasterosteus,45G8,1.0810983483660712,1.8530543613773631,1.71404790709189,2014
Gasterosteus,46G8,1.018319497928978,1.508718052286332,1.48157631799716,2014
Gasterosteus,42G6,0.3835765951338952,0.7104808765032136,1.85225294117647,2015
Gasterosteus,42G7,1.722009835823929,3.2721104076758296,1.90016940647161,2015
Gasterosteus,43G7,2.1870884567062436,3.512826408034195,1.6061656753127,2015
Gasterosteus,44G7,0.9035069923572547,1.612910636627987,1.78516674499651,2015
Gasterosteus,44G8,0.6971201515997677,1.1007336201938003,1.57897260273973,2015
Gasterosteus,45G7,1.198613945865548,2.0643847300959655,1.72230995410722,2015
Gasterosteus,45G8,2.890162262245273,4.72323217511078,1.63424463629992,2015
Gasterosteus,46G8,1.1214130724208176,1.671806451557374,1.49080342709793,2015
Gasterosteus,42G6,0.013675390817030189,0.02638847764712393,1.92963243246123,2016
Gasterosteus,42G7,0.07331403615474907,0.13541254339974956,1.84702071393157,2016
Gasterosteus,43G7,2.226838215136238,3.9695365223582013,1.78258864760651,2016
Gasterosteus,44G7,3.4008373907331504,5.979236121176312,1.7581658380577,2016
Gasterosteus,44G8,1.839569474266142,3.4036174305978575,1.85022500004011,2016
Gasterosteus,45G7,4.987545712728837,7.194138395670206,1.44242054309595,2016
Gasterosteus,45G8,2.6034687718935356,4.707955821224785,1.80833965517498,2016
Gasterosteus,46G8,0.9126447510492102,1.2393994161845663,1.3580305094175,2016
Gasterosteus,42G6,0.43247780003020625,0.7778167293268263,1.7985125,2017
Gasterosteus,42G7,0.18525021902483169,0.3290749679273342,1.77638099247388,2017
Gasterosteus,43G7,1.1476790378393906,2.2571959751834667,1.96674845558985,2017
Gasterosteus,44G7,0.9685162669722418,1.6398484228209722,1.69315527135898,2017
Gasterosteus,44G8,0.08470344277952607,0.15940933820778466,1.88197,2017
Gasterosteus,45G7,0.3585741837158171,0.5989103221066374,1.67025499688872,2017
Gasterosteus,45G8,0.8366359566505149,1.5464666946678152,1.84843441448431,2017
Gasterosteus,46G8,0.7896434681477126,0.027961673876361528,0.0354105048724736,2017
Gasterosteus,42G6,4.888050303456706,8.031616554238507,1.6431125,2018
Gasterosteus,42G7,0.6748826623126,0.988666393383944,1.46494560994664,2018
Gasterosteus,43G7,1.052655357577668,1.9560505296759125,1.85820602687769,2018
Gasterosteus,44G7,0.2704763468952685,0.5301626411459093,1.96010722279976,2018
Gasterosteus,44G8,1.4128194956124445,2.746931863657278,1.94429074074074,2018
Gasterosteus,45G7,2.0253322818411728,3.727343129064073,1.84036128909951,2018
Gasterosteus,45G8,3.010091073818424,5.400747847157293,1.79421410007579,2018
Gasterosteus,46G8,4.44803030339366,7.54916319984068,1.69719239414376,2018
Gasterosteus,42G6,2.1807070450745556,3.7340103334535444,1.71229342423016,2019
Gasterosteus,42G7,3.0135158226466348,5.187418071951482,1.72138405014101,2019
Gasterosteus,43G7,2.500668252924878,4.593588982893866,1.83694457572332,2019
Gasterosteus,44G7,0.5609677644307531,0.9601603114994013,1.71161405767002,2019
Gasterosteus,44G8,2.050478925698155,4.233569595721841,2.06467354658638,2019
Gasterosteus,45G7,0.9402182082760695,1.6967785522761158,1.80466463778364,2019
Gasterosteus,45G8,1.5470173981444018,3.061997888630657,1.97929117817513,2019
Gasterosteus,46G8,1.163690776250431,2.2078853692918003,1.8973127692959,2019
Gasterosteus,42G6,0.45337250001397045,0.8798741157042401,1.94073111112193,2020
Gasterosteus,42G7,0.0066474515595344305,0.013382915513515956,2.01324002042871,2020
Gasterosteus,43G7,4.787270765836851,6.802254913255216,1.42090457088782,2020
Gasterosteus,44G7,0.6402816801712559,0.8889488451871214,1.38837151322111,2020
Gasterosteus,44G8,4.856996875106935,6.323774392290761,1.30199268290687,2020
Gasterosteus,45G7,1.472548266445514,2.499474664150627,1.69738046698051,2020
Gasterosteus,45G8,3.1144668307900236,5.980753275070704,1.92031368449463,2020
Gasterosteus,46G8,1.426099274450526,2.156672566185165,1.51228782232999,2020
Gasterosteus,42G6,0.42360327218043403,0.5593157182680932,1.32037629310345,2021
Gasterosteus,42G7,0.45169867354522336,0.9083671485497602,2.01100247078502,2021
Gasterosteus,43G7,0.10874541844751046,0.18008935427933942,1.6560638310134,2021
Gasterosteus,44G7,0.32886476217530064,0.48261384599467283,1.46751461847839,2021
Gasterosteus,44G8,0.40610367020629556,0.8058341524642086,1.9843065,2021
Gasterosteus,45G7,0.10568183202254522,0.20291206818451443,1.92002792061011,2021
Gasterosteus,45G8,0.21909690726629663,0.441898635582888,2.0169095086577,2021
Gasterosteus,46G8,0.5750844420294167,1.0995211705572816,1.91192995358591,2021
Gasterosteus,42G6,0.6524568171748311,1.5099139128811612,2.31419746584787,2022
Gasterosteus,42G7,0.5737925695145939,1.171928102246439,2.04242467489226,2022
Gasterosteus,43G7,0.8206866456761674,1.691646025994007,2.0612569181021,2022
Gasterosteus,44G7,1.861818474956781,4.032162787953837,2.16571209395021,2022
Gasterosteus,44G8,2.1354237473029514,4.137130960481986,1.93738173311372,2022
Gasterosteus,45G7,0.2173108466448055,0.4717482636096971,2.17084545430339,2022
Gasterosteus,45G8,0.4540745877866779,0.9604107064811469,2.11509459527901,2022
Gasterosteus,46G8,0.2074123893739355,0.43137260888263224,2.07978226462127,2022
Gasterosteus,42G6,3.7212010230179025,7.980363966361097,2.14456674525178,2023
Gasterosteus,42G7,2.030224803059585,4.285918499145602,2.11105612180811,2023
Gasterosteus,43G7,2.8168347642999825,5.734810719760792,2.03590597234977,2023
Gasterosteus,44G7,1.4651463587101543,2.9238881920599744,1.99562874703796,2023
Gasterosteus,44G8,3.091242563204838,7.019001503251205,2.2706084559001,2023
Gasterosteus,45G7,0.5090235563781454,1.1021595662092285,2.16524275232255,2023
Gasterosteus,45G8,1.7176117491087803,3.675998743750443,2.14018025066364,2023
Gasterosteus,46G8,0.5489732668984044,1.1627027680013278,2.11795881167471,2023
Sprattus,42G6,0.4819946822773479,9.775286471927078,20.2809010791165,2007
Sprattus,42G7,0.03691019910709238,1.0768171056272822,29.1739717388945,2007
Sprattus,43G7,0.32955929729360156,8.341831490054458,25.3120805832487,2007
Sprattus,44G7,0.44641204024307274,7.741633358264165,17.3419008905961,2007
Sprattus,44G8,0.24366350899396338,5.354502758391965,21.9749882963584,2007
Sprattus,45G7,0.42285342361159245,5.837508904433108,13.8050411288501,2007
Sprattus,45G8,0.8092698528604314,14.321622802836968,17.6969681401278,2007
Sprattus,46G8,0.4987710704709479,9.531480745501883,19.1099310080316,2007
Sprattus,42G6,2.065995262122157,59.68231549259778,28.8879246660484,2008
Sprattus,42G7,0.3291577936860194,5.921605244846095,17.990171760887,2008
Sprattus,43G7,1.1109752375083561,24.879923474066384,22.3946696866673,2008
Sprattus,44G7,0.7052950233474465,14.838161858764256,21.0382341680789,2008
Sprattus,44G8,2.0383384782908798,50.81525570097231,24.9297436329516,2008
Sprattus,45G7,0.7825834775743077,7.936144459144701,10.1409558041572,2008
Sprattus,45G8,0.663511646390103,15.683409901737054,23.6369775678605,2008
Sprattus,46G8,0.5632930657069429,6.081973511080221,10.7971744751504,2008
Sprattus,42G6,0.059779397319855716,1.582234077841374,26.4678827284837,2009
Sprattus,42G7,0.40110225333505256,10.394085827161746,25.9138056212296,2009
Sprattus,43G7,0.6556632183821827,14.828841762444654,22.6165527464452,2009
Sprattus,44G7,0.11792354064068168,2.9904637183282374,25.3593447252429,2009
Sprattus,44G8,0.39300318793397426,7.790779631534118,19.8237059411411,2009
Sprattus,45G7,0.2178869590756963,4.8017486746956255,22.0377974664718,2009
Sprattus,45G8,0.36996679534360616,9.07994444636049,24.5425929046619,2009
Sprattus,46G8,0.4270426198148455,9.895361419528818,23.1718356912928,2009
Sprattus,42G6,0.0024003828406762746,0.08738401870426986,36.4042007064384,2010
Sprattus,42G7,0.25624729953178216,6.421037013437036,25.0579694895112,2010
Sprattus,43G7,0.016300569742797217,0.38925667073097114,23.879942656788,2010
Sprattus,44G7,0.16911915536553268,3.354959646294293,19.837845328892,2010
Sprattus,44G8,0.005976652107399102,0.1360713189622924,22.767147312094,2010
Sprattus,45G7,0.791637769998275,13.296934044147593,16.7967403123989,2010
Sprattus,45G8,0.37133037361505855,7.822055756802296,21.0649500084016,2010
Sprattus,46G8,1.1889465195371283,20.52757898865008,17.2653510072444,2010
Sprattus,42G6,0.22477009549656787,0.7635467554276038,3.39701219479734,2011
Sprattus,42G7,0.022839182751475205,0.6230865345053461,27.2814724276901,2011
Sprattus,43G7,0.07620332897572299,1.9688616651954467,25.8369508479438,2011
Sprattus,44G7,0.061327890424575475,0.2839704461391913,4.63036383891982,2011
Sprattus,44G8,0.002100767674502462,0.02355860892420731,11.2142857157143,2011
Sprattus,45G7,0.41833269433258113,2.929316838456203,7.00236170431219,2011
Sprattus,45G8,0.4289977300838173,2.459903438474789,5.73407098912662,2011
Sprattus,46G8,1.6253275456896894,23.365381696310102,14.375798747935,2011
Sprattus,42G6,0.1549068981154237,2.6278682365928536,16.9641782810394,2012
Sprattus,42G7,0.10794475469617805,1.7899028659109995,16.5816567090163,2012
Sprattus,43G7,0.349647061455013,2.58609832693729,7.39631077171237,2012
Sprattus,44G7,0.21525166767362505,1.4331910119577564,6.65821095579538,2012
Sprattus,44G8,1.4656845349705019,8.965879774045492,6.117196136088,2012
Sprattus,45G7,0.1689129266308218,1.4802869342122236,8.7636095338491,2012
Sprattus,45G8,0.22484574621456585,2.0772179846452787,9.23841353290727,2012
Sprattus,46G8,0.6182624709736234,5.812189885687702,9.40084536674985,2012
Sprattus,42G6,0.30405945380456867,9.159665098905021,30.1245857818067,2013
Sprattus,42G7,0.6413996437121051,19.261728878290352,30.0307757684631,2013
Sprattus,43G7,0.44854803246445285,13.634259033560161,30.3964303636549,2013
Sprattus,44G7,0.01248777178809659,0.33006264952076014,26.4308681421755,2013
Sprattus,44G8,0.056561094409552606,1.78561912927524,31.5697414966155,2013
Sprattus,45G7,0.4265431600706861,8.902699897244961,20.8717445985293,2013
Sprattus,45G8,0.013491114139448611,0.39157793689170006,29.0248776227242,2013
Sprattus,46G8,1.2976694260695656,26.892250161608775,20.7234983127106,2013
Sprattus,42G6,0.3309509142709691,12.381890568703584,37.413072557841,2014
Sprattus,42G7,0.17082477875608337,0.8779886591720385,5.13970318337539,2014
Sprattus,43G7,0.06306926970739916,0.2779054730637542,4.40635311544048,2014
Sprattus,44G7,0.1459147171903126,0.6873895662066347,4.71089948596543,2014
Sprattus,44G8,0.39873520596494316,2.052026649470328,5.14633927170891,2014
Sprattus,45G7,1.1116316807344344,4.379878324627697,3.94004453141709,2014
Sprattus,45G8,2.029770950965588,7.771724537072383,3.82886775149446,2014
Sprattus,46G8,1.4614279700378394,5.882247718237961,4.025000095,2014
Sprattus,42G6,0.6158242461342306,12.619996861967692,20.4928548058774,2015
Sprattus,42G7,0.3362804517656736,8.743874816694122,26.0017338824887,2015
Sprattus,43G7,0.4123702755034864,8.858452673555004,21.4817924564015,2015
Sprattus,44G7,0.46634876486733584,8.348635159794116,17.9021277394593,2015
Sprattus,44G8,0.330573991722392,6.029805800737714,18.2404119855908,2015
Sprattus,45G7,0.5640291574694883,8.73388146474459,15.4848049060603,2015
Sprattus,45G8,0.9551634937414685,13.081212836941841,13.695260468657,2015
Sprattus,46G8,1.8035118515160737,10.198658276281709,5.65488841545925,2015
Sprattus,42G6,2.4255929557220863,54.75021067550508,22.571887235385802,2016
Sprattus,42G7,1.0448999610140852,25.6481858090867,24.5460682993948,2016
Sprattus,43G7,0.2673514065025186,5.601821054037555,20.9530263084095,2016
Sprattus,44G7,0.37836559807287784,5.8141911786106455,15.3665957164815,2016
Sprattus,44G8,0.14498867045904346,3.1635424918925783,21.819239267982798,2016
Sprattus,45G7,0.36300421700865443,7.292687829702124,20.0898157321634,2016
Sprattus,45G8,0.40214253928216476,7.9244141248212125,19.7054858681862,2016
Sprattus,46G8,0.8986996792178209,15.3096990320185,17.0353894477221,2016
Sprattus,42G6,0.0912908146937066,2.2597551324830625,24.7533680147872,2017
Sprattus,42G7,0.9555539324733873,20.982953581493934,21.958942209762,2017
Sprattus,43G7,0.7061882974064513,9.973037186011862,14.1223484198745,2017
Sprattus,44G7,0.9136254302468413,5.629894092502377,6.16214687783078,2017
Sprattus,44G8,0.14186006898722842,2.507731171576517,17.6774986046446,2017
Sprattus,45G7,0.13746957842449062,1.3571998440766062,9.87272864026487,2017
Sprattus,45G8,0.9887466925187037,9.776409596086115,9.88767868460018,2017
Sprattus,46G8,0.21578068043827367,2.486109523729865,11.5214648442127,2017
Sprattus,42G6,0.037767903862637314,0.04271283614376659,1.13092948708814,2018
Sprattus,42G7,0.6125691757545352,13.046953762835948,21.2987435202976,2018
Sprattus,43G7,0.15417927807130094,3.1842317555676187,20.6527867778383,2018
Sprattus,44G7,0.3046502345027487,6.414654216623258,21.0557993729868,2018
Sprattus,44G8,0.04933127303870404,0.9009720806914977,18.2637103239687,2018
Sprattus,45G7,0.13463085971275826,1.7277683230858747,12.8333751026485,2018
Sprattus,45G8,0.23506019736329464,4.844104187018552,20.6079303997682,2018
Sprattus,46G8,0.04228498463668323,0.6257269280801632,14.797851612256,2018
Sprattus,42G6,0.25965243765059276,6.328991170569612,24.3748575127431,2019
Sprattus,42G7,0.32118148115070094,8.397200271644461,26.1447211762014,2019
Sprattus,43G7,0.37925763036701654,4.622932469390454,12.1894250747618,2019
Sprattus,44G7,1.1487315093766506,5.30420559865593,4.61744590042125,2019
Sprattus,44G8,0.49794044860187786,2.887847493629861,5.79958407022042,2019
Sprattus,45G7,0.4707238356942018,2.5645011658072274,5.44799513291104,2019
Sprattus,45G8,0.11825806731855096,1.3024002845622291,11.0132045457327,2019
Sprattus,46G8,0.4272182539317293,2.1189747329137334,4.95993491245426,2019
Sprattus,42G6,0.18328739693435642,4.23618292341649,23.1122433635394,2020
Sprattus,42G7,0.40016993091943626,9.600757175011747,23.9917006081714,2020
Sprattus,43G7,0.9009850092644054,0.6875228668067873,0.763079140870617,2020
Sprattus,44G7,0.17838128549075435,2.8077699879104667,15.7402721938339,2020
Sprattus,44G8,0.8233917168015574,0.2455704795369185,0.298242591619491,2020
Sprattus,45G7,1.1562582724241135,8.478446888932094,7.33265836114357,2020
Sprattus,45G8,0.14886365624842995,1.3083168695988898,8.78869230119886,2020
Sprattus,46G8,1.112684843694733,6.116321498428429,5.49690375768833,2020
Sprattus,42G6,1.7273977432065264,31.864466043342983,18.4465136467029,2021
Sprattus,42G7,0.32586828458738504,6.809991023388138,20.8979865346852,2021
Sprattus,43G7,1.3846814983111255,21.800876083039892,15.7443253987506,2021
Sprattus,44G7,0.38793404273230275,6.20728363895828,16.0008737445135,2021
Sprattus,44G8,0.4368471665625636,8.659695006801716,19.8231685349881,2021
Sprattus,45G7,1.1491657399922426,16.129143115821222,14.0355238191578,2021
Sprattus,45G8,0.6045659478835642,8.930876814447421,14.7723781759661,2021
Sprattus,46G8,0.6231151679076408,11.634023582266067,18.6707436786236,2021
Sprattus,42G6,0.6655537742379041,16.029486585053345,24.0844349555496,2022
Sprattus,42G7,0.3560754787200475,9.669751332083758,27.156465159698,2022
Sprattus,43G7,0.5122322222230459,11.172793186722336,21.8119686774747,2022
Sprattus,44G7,0.08193510095956137,1.602487518442642,19.5580099331731,2022
Sprattus,44G8,0.1640355518375552,3.760763428738115,22.9265143233243,2022
Sprattus,45G7,0.05934546854934788,0.8282329298776323,13.9561275717105,2022
Sprattus,45G8,0.4971916144641543,10.110434529055427,20.3350865841772,2022
Sprattus,46G8,0.39781924802830804,2.865969687261835,7.20420065511234,2022
Sprattus,42G6,0.002258767726049072,0,0,2023
Sprattus,42G7,0.004679222612958765,0.13439661669193093,28.7219967521377,2023
Sprattus,43G7,0.029158943532976912,0.7269403699336444,24.9302711914621,2023
Sprattus,44G7,0.16677426681790639,4.240212336158014,25.4248597044514,2023
Sprattus,44G8,0.12636772519683398,3.440078138058311,27.2227590763381,2023
Sprattus,45G7,0.001667271327843717,0.05115942179462702,30.6845208336855,2023
Sprattus,45G8,0.20778262970062994,4.7108788070206575,22.6721493216638,2023
Sprattus,46G8,0.024912500318533898,0.5635992595869862,22.6231511241644,2023
Clupea,42G6,0.18896164462675333,5.56511372470565,29.4510229083693,2007
Clupea,42G7,0.012865688899582785,0.29539367659573496,22.9598025338009,2007
Clupea,43G7,0.28681855893491853,8.35188454818984,29.1190520557805,2007
Clupea,44G7,0.13386563530064358,1.1160969189262007,8.33744161763101,2007
Clupea,44G8,0.1340787830674854,2.6677613250026457,19.8969685133545,2007
Clupea,45G7,0.5334973903871099,7.922194469877871,14.8495468068353,2007
Clupea,45G8,0.091190451173923,0.9318074550102167,10.2182568790347,2007
Clupea,46G8,0.13936105124947346,1.5095516545064813,10.8319479580001,2007
Clupea,42G6,0.08708238205101827,2.1573357414294634,24.7735040156063,2008
Clupea,42G7,0.14784759280563034,4.7290416690041726,31.9859226603795,2008
Clupea,43G7,0.418665249882531,11.330690795646479,27.0638434855189,2008
Clupea,44G7,0.40676624847731446,8.432559700738922,20.730726141378,2008
Clupea,44G8,0.17037289693335772,3.2458226166111923,19.051285005037,2008
Clupea,45G7,0.556896736470736,14.031281966232067,25.195482478769,2008
Clupea,45G8,0.2246456726532918,4.9948822176276995,22.2344911372345,2008
Clupea,46G8,0.39824645432956074,7.589973765177193,19.0584842191621,2008
Clupea,42G6,0.15035822743560337,6.690799504240706,44.4990581383802,2009
Clupea,42G7,0.24756776015475018,8.211270927346462,33.1677716121588,2009
Clupea,43G7,0.4736577376662172,13.954703725535316,29.4615766107659,2009
Clupea,44G7,0.5938733804146168,15.163198325640154,25.5327125709084,2009
Clupea,44G8,0.24860574054431264,6.272880066522676,25.2322414309036,2009
Clupea,45G7,0.2257958289641014,5.6684247343076235,25.10420480446,2009
Clupea,45G8,0.12638185157463394,2.9232518096004445,23.1303131990762,2009
Clupea,46G8,0.27481737013825774,6.1100770529064015,22.2332272877529,2009
Clupea,42G6,0.22748833725221956,9.510251052021149,41.8054444763777,2010
Clupea,42G7,0.07237873204128088,2.2022050888451568,30.4261352297404,2010
Clupea,43G7,0.3621572462194499,11.00578278703527,30.3895142287621,2010
Clupea,44G7,0.1854437145965447,4.061633993571165,21.902246740515,2010
Clupea,44G8,0.16177188156085068,4.056399083762275,25.0748093217699,2010
Clupea,45G7,0.048264961351431296,0.9656170714561165,20.0065854072725,2010
Clupea,45G8,0.09140283695435239,1.7737960368816916,19.4063564763044,2010
Clupea,46G8,0.08757144912883943,1.3829472870618427,15.792216536547,2010
Clupea,42G6,0.31990855694437637,1.3788058621954744,4.309999943,2011
Clupea,42G7,0.42587350509693583,14.057290354028233,33.0081354810475,2011
Clupea,43G7,0.4990322593269074,14.012670823447174,28.0796893618609,2011
Clupea,44G7,0.22754213630998946,4.225835492560675,18.5716613243169,2011
Clupea,44G8,0.1805574697018423,4.211716993166849,23.3261852867219,2011
Clupea,45G7,1.0475482654015529,20.728538355914964,19.7876690177795,2011
Clupea,45G8,0.5621297558103588,5.322669611680234,9.46875620203941,2011
Clupea,46G8,0.27102137715976504,4.767113680103334,17.5894378888539,2011
Clupea,42G6,0.33367513615848327,13.277255672580138,39.7909650249575,2012
Clupea,42G7,0.17674295517688618,6.556314008425959,37.0951928571316,2012
Clupea,43G7,0.07970975413668094,2.2878499040037226,28.7022576945937,2012
Clupea,44G7,0.2751134439091751,4.646439933216202,16.8891780321363,2012
Clupea,44G8,0.24031122015167222,4.171948582620406,17.3606067165207,2012
Clupea,45G7,1.1289887702199655,22.349069607269197,19.7956527086756,2012
Clupea,45G8,0.35352074860687926,10.27512769904997,29.0651333466033,2012
Clupea,46G8,0.8357181694368797,16.928046135759367,20.2556875688915,2012
Clupea,42G6,0.07018105629611958,2.273951601171651,32.4012165273919,2013
Clupea,42G7,0.2757925114168889,10.656875137968699,38.6409155318207,2013
Clupea,43G7,0.15208760197683652,5.530361774737089,36.363001999199,2013
Clupea,44G7,0.2092020494982054,6.406639608220873,30.624172294621,2013
Clupea,44G8,0.1527302796547854,4.687126441633493,30.688914157872,2013
Clupea,45G7,0.6577869651283014,15.161708201300351,23.0495722856762,2013
Clupea,45G8,0.13000472206108865,4.116939267301108,31.6676133145885,2013
Clupea,46G8,0.1679397379703654,3.8577452669704413,22.9710092059997,2013
Clupea,42G6,0.7733428703868325,35.88041161415972,46.3965118036351,2014
Clupea,42G7,0.32393896589198445,13.158488907382313,40.6202720044798,2014
Clupea,43G7,0.19884020184732676,7.3253340373580125,36.8403067855591,2014
Clupea,44G7,0.5500708695922597,18.120008059491145,32.9412245969735,2014
Clupea,44G8,0.5413111722066625,14.38640642049197,26.5769619382611,2014
Clupea,45G7,0.5167536188420553,2.7675064639914697,5.35556281191202,2014
Clupea,45G8,0.8957715062525822,13.660113329812974,15.2495510679497,2014
Clupea,46G8,0.6609065035293624,8.992003716188927,13.6055609502554,2014
Clupea,42G6,0.5254755897155341,16.1338770831079,30.7033807066889,2015
Clupea,42G7,1.2012240250627453,34.22775423134241,28.494063985737,2015
Clupea,43G7,1.777310878241225,49.06764696404799,27.6078020816504,2015
Clupea,44G7,0.23406831748266996,4.6046269152421235,19.6721494167319,2015
Clupea,44G8,1.2265929094262156,23.35432065971324,19.0399932041333,2015
Clupea,45G7,0.3190466989180999,7.112151862676758,22.2918835606021,2015
Clupea,45G8,0.15411204716721721,3.2426043992472895,21.040564049668,2015
Clupea,46G8,0.601628640630367,10.800555502008443,17.952196375977,2015
Clupea,42G6,0.08540554489356891,2.260788503467402,26.4712145597193,2016
Clupea,42G7,0.16896606648750456,3.873029553247732,22.9219371306969,2016
Clupea,43G7,0.11247605726244496,2.8758119108251328,25.5682140787962,2016
Clupea,44G7,0.005151687015465501,0.054909511642319914,10.6585496124823,2016
Clupea,44G8,0.1495301461509869,3.4274988709276104,22.9217917533948,2016
Clupea,45G7,0.4819279567959022,10.319343255452868,21.4126263270988,2016
Clupea,45G8,0.04220730287602289,0.5251144014597233,12.4413162101867,2016
Clupea,46G8,0.35193422072958,5.3246973644374975,15.1298085005746,2016
Clupea,42G6,0.4644417593445348,11.120315917148638,23.9434023608099,2017
Clupea,42G7,0.4567375427410948,6.48313912557664,14.1944519968039,2017
Clupea,43G7,0.17562484101121734,3.126678226055748,17.8031661583457,2017
Clupea,44G7,0.4507156444241841,2.8791286777879934,6.38790490946071,2017
Clupea,44G8,0.2652653658310696,6.949174643929907,26.1970673109108,2017
Clupea,45G7,0.6515078533062433,13.351992331403732,20.4939852430721,2017
Clupea,45G8,0.05385798813889119,0.7167330412961979,13.3078316896624,2017
Clupea,46G8,0.7590033763371238,16.192406897346427,21.3337745287635,2017
Clupea,42G6,0.010868598021130525,0.053946550136152356,4.96352427712116,2018
Clupea,42G7,0.058210430544179716,1.6810193149568664,28.8783178416973,2018
Clupea,43G7,0.8574600455857632,21.218444292248403,24.7456944512829,2018
Clupea,44G7,0.2217035655656064,5.379719326310058,24.2653712518579,2018
Clupea,44G8,0.43909926022313034,10.612617815526031,24.1690633004783,2018
Clupea,45G7,0.1013806871991622,1.9313720126450653,19.050689692514,2018
Clupea,45G8,0.09591667135914066,1.8606186907950635,19.3982825345174,2018
Clupea,46G8,0.12433958015628054,3.1170132172436715,25.068551890926,2018
Clupea,42G6,0.13655424348644388,3.524876034589221,25.8130098676805,2019
Clupea,42G7,0.16686365516669635,4.801397912545748,28.7743781457332,2019
Clupea,43G7,0.2094737531255757,1.2475796335493443,5.95578021080972,2019
Clupea,44G7,0.15355006128612286,1.1683200763499546,7.60872425946431,2019
Clupea,44G8,0.03975783198345486,0.32738049516601114,8.23436487437871,2019
Clupea,45G7,0.14387558791663962,1.0746760313523942,7.46948142429175,2019
Clupea,45G8,0.016955009620612915,0.13950483029347346,8.22794167712365,2019
Clupea,46G8,0.043649274650629566,0.97997060115483825,22.4510168610718,2019
Clupea,42G6,0.6107968837197468,17.1484184945253,28.0754845867772,2020
Clupea,42G7,0.1132087211024001,3.159985882514469,27.9129191792228,2020
Clupea,43G7,6.262480219027302e-5,1.4904702921284975e-4,2.38,2020
Clupea,44G7,0.1282518806101679,3.156143715461566,24.6089468664785,2020
Clupea,44G8,0.0367416940676499,0.8989478701830732,24.4666962967985,2020
Clupea,45G7,0.20483779744177755,4.98841996626393,24.3530248253222,2020
Clupea,45G8,0.10008475838813613,2.3527191432087955,23.5072670514403,2020
Clupea,46G8,0.0712677914839752,1.6100474228344797,22.5915155964459,2020
Clupea,42G6,0.8930788918560056,19.866229559458528,22.2446524496535,2021
Clupea,42G7,0.611737455986765,14.168148626558489,23.1605053571626,2021
Clupea,43G7,0.15674210978830996,2.7560416305313225,17.5832878238881,2021
Clupea,44G7,0.21938694168887354,3.9744564923742454,18.1161944360876,2021
Clupea,44G8,0.2636125363744921,4.76948371709766,18.0927803460836,2021
Clupea,45G7,0.5432761314202359,7.6394675160487235,14.0618500873167,2021
Clupea,45G8,0.2790031881866042,5.048426852556738,18.094513132159,2021
Clupea,46G8,0.17901736719944744,2.588968912099195,14.4621103114245,2021
Clupea,42G6,0.1998693618393914,6.277666231259773,31.408847126376,2022
Clupea,42G7,0.07463426747642601,2.2885071137017063,30.6629540435237,2022
Clupea,43G7,0.01136505674676984,0.24945194359083547,21.9490275454836,2022
Clupea,44G7,0.12990865387869135,2.3952755856420125,18.438152610516,2022
Clupea,44G8,0.10931725570981604,2.3772992408157823,21.7467885136666,2022
Clupea,45G7,0.1664619452038401,3.6768797674747455,22.0884104350231,2022
Clupea,45G8,0.2016251843549204,4.574208659028594,22.6866930024804,2022
Clupea,46G8,0.19686828236434933,3.3382160833950443,16.9565967829034,2022
Clupea,42G6,0.0022596617075356356,0.06305962662395659,27.9066669199474,2023
Clupea,42G7,0.0027993814220263406,0.0947525522866439,33.8476748974268,2023
Clupea,43G7,0.001884995023124978,0.06418234748435944,34.0490806060362,2023
Clupea,44G7,0.07114692292172559,2.181521946667763,30.6622107756906,2023
Clupea,44G8,0.08706057830699802,2.0700453276281636,23.7770684261785,2023
Clupea,45G7,0.15355251228860245,4.396449305404547,28.6315687049223,2023
Clupea,45G8,0.09199921090845842,2.1153462170448076,22.9930908771558,2023
Clupea,46G8,0.0764164044828796,1.8967588263169122,24.8213566072958,2023
